{
  "trained_at": "2026-03-06T00:46:05.889158",
  "data_size": 5000,
  "features": [
    "distance",
    "base_speed",
    "traffic_factor",
    "vehicle_enc",
    "weather_enc",
    "route_enc",
    "hour",
    "day_of_week",
    "speed_distance_ratio",
    "traffic_speed_interaction",
    "is_rush_hour",
    "is_weekend"
  ],
  "models": {
    "xgboost": {
      "mae": 0.06239091126516906,
      "rmse": 0.15071542875969385,
      "r2": 0.9426928116256964,
      "residual_std": 0.1504234573878886,
      "mae_minutes": 3.7434546759101437,
      "rmse_minutes": 9.04292572558163
    },
    "lightgbm": {
      "mae": 0.05985204463839439,
      "rmse": 0.13982926911475924,
      "r2": 0.9506724154186297,
      "residual_std": 0.1397772090682177,
      "mae_minutes": 3.5911226783036634,
      "rmse_minutes": 8.389756146885555
    },
    "neural": {
      "mae": 0.0983752058727175,
      "rmse": 0.16876420878289666,
      "r2": 0.9281454340989417,
      "residual_std": 0.16818760532314958,
      "mae_minutes": 5.9025123523630505,
      "rmse_minutes": 10.1258525269738
    },
    "ensemble": {
      "mae": 0.06000531044667322,
      "rmse": 0.13598691657364775,
      "r2": 0.9533461028371883,
      "residual_std": 0.13597645997724175,
      "mae_minutes": 3.600318626800393,
      "rmse_minutes": 8.159214994418866
    }
  },
  "ensemble_weights": {
    "xgboost": 0.3736037270382,
    "lightgbm": 0.38945164067167093,
    "neural": 0.23694463229012894
  }
}