{
  "trained_at": "2025-12-23T15:09:42.466348",
  "data_size": 5000,
  "features": [
    "distance",
    "base_speed",
    "traffic_factor",
    "vehicle_enc",
    "weather_enc",
    "route_enc",
    "hour",
    "day_of_week",
    "speed_distance_ratio",
    "traffic_speed_interaction",
    "is_rush_hour",
    "is_weekend"
  ],
  "models": {
    "xgboost": {
      "mae": 0.06239091126516906,
      "rmse": 0.15071542875969385,
      "r2": 0.9426928116256964,
      "residual_std": 0.1504234573878886,
      "mae_minutes": 3.7434546759101437,
      "rmse_minutes": 9.04292572558163
    },
    "lightgbm": {
      "mae": 0.05985204463839439,
      "rmse": 0.13982926911475924,
      "r2": 0.9506724154186297,
      "residual_std": 0.1397772090682177,
      "mae_minutes": 3.5911226783036634,
      "rmse_minutes": 8.389756146885555
    },
    "neural": {
      "mae": 0.10153020451718839,
      "rmse": 0.15244611284504667,
      "r2": 0.9413691237783909,
      "residual_std": 0.14971249622114935,
      "mae_minutes": 6.091812271031303,
      "rmse_minutes": 9.1467667707028
    },
    "ensemble": {
      "mae": 0.06152683875327822,
      "rmse": 0.1312135726680126,
      "r2": 0.9565638628386818,
      "residual_std": 0.13120355884809934,
      "mae_minutes": 3.691610325196693,
      "rmse_minutes": 7.872814360080755
    }
  },
  "ensemble_weights": {
    "xgboost": 0.37637495021008377,
    "lightgbm": 0.3923404164863917,
    "neural": 0.23128463330352447
  }
}