{
  "weights": {
    "xgboost": 0.3738032997158612,
    "lightgbm": 0.3896596790318997,
    "neural": 0.2365370212522389
  },
  "metrics": {
    "mae": 0.06097548566949863,
    "rmse": 0.13056784775502886,
    "r2": 0.9569903245418165,
    "residual_std": 0.13055977762332915,
    "mae_minutes": 3.658529140169918,
    "rmse_minutes": 7.834070865301731
  }
}