{
  "weights": {
    "xgboost": 0.37637495021008377,
    "lightgbm": 0.3923404164863917,
    "neural": 0.23128463330352447
  },
  "metrics": {
    "mae": 0.06152683875327822,
    "rmse": 0.1312135726680126,
    "r2": 0.9565638628386818,
    "residual_std": 0.13120355884809934,
    "mae_minutes": 3.691610325196693,
    "rmse_minutes": 7.872814360080755
  }
}