{
  "weights": {
    "xgboost": 0.3736037270382,
    "lightgbm": 0.38945164067167093,
    "neural": 0.23694463229012894
  },
  "metrics": {
    "mae": 0.06000531044667322,
    "rmse": 0.13598691657364775,
    "r2": 0.9533461028371883,
    "residual_std": 0.13597645997724175,
    "mae_minutes": 3.600318626800393,
    "rmse_minutes": 8.159214994418866
  }
}